"id","video_id","time_seconds","timestamp","analysis_second","rel_net_change","rel_max_positive_diff","rel_sum_of_abs_diff","abs_db_mean","abs_db_max","abs_db_min","created_at","updated_at","inter_mean_delta","inter_max_delta","inter_min_delta","dynamic_range","norm_mean","smooth_mean","is_peak","is_silent"
3576,8,0,"00:00:00",1,73.40588,40.79493,166.58736,-112.560845,-77.97913,-197.97575,2025/05/06 4:35:24.495,2025/05/06 4:35:24.495,,,,119.9966,0,-112.5608,0,1
3577,8,1,"00:00:01",1,4.57153,10.285926,31.64163,-86.5216028,-81.02004,-95.05001,2025/05/06 4:35:24.496,2025/05/06 4:35:24.496,26.03924,3.04091,102.9257,14.02997,0,-99.54122,0,1
3578,8,2,"00:00:02",1,-0.108260000000001,41.69315,227.33625,-131.2629655,-86.384705,-199.9987,2025/05/06 4:35:24.497,2025/05/06 4:35:24.497,44.74136,5.364665,104.9487,113.614,0,-110.1151,0,1
3579,8,3,"00:00:03",1,26.425746,21.29259,49.758422,-81.228101,-70.207016,-107.28905,2025/05/06 4:35:24.498,2025/05/06 4:35:24.498,50.03487,16.17769,92.70965,37.08204,0,-99.67089,0,1
3580,8,4,"00:00:04",1,-19.00622,7.556045,48.43267,-87.4524285,-79.00906,-110.59996,2025/05/06 4:35:24.499,2025/05/06 4:35:24.499,6.224328,8.802044,3.31091,31.5909,0,-99.98116,0,1
3581,8,5,"00:00:05",1,5.29041000000001,40.88052,231.35937,-119.8377446,-76.78853,-189.82301,2025/05/06 4:35:24.499,2025/05/06 4:35:24.499,32.38531,2.22053,79.22305,113.0345,0,-96.17276,0,1
3582,8,6,"00:00:06",1,5.0386,8.60456000000001,30.47851,-75.3426125,-68.8837,-85.30804,2025/05/06 4:35:24.500,2025/05/06 4:35:24.500,44.49513,7.90483,104.515,16.42434,0,-94.21093,0,1
3583,8,7,"00:00:07",1,4.86,10.26939,29.79755,-76.0663045,-70.111725,-82.41307,2025/05/06 4:35:24.501,2025/05/06 4:35:24.501,0.723692,1.228025,2.89497,12.30134,0,-90.41555,0,1
3584,8,8,"00:00:08",1,8.46374400000001,4.857686,27.801884,-73.905581,-67.407196,-80.47726,2025/05/06 4:35:24.501,2025/05/06 4:35:24.501,2.160723,2.704529,1.93581,13.07006,0,-75.10484,0,1
3585,8,9,"00:00:09",1,-7.07368,4.075265,22.07461,-69.3569405,-64.92526,-76.90199,2025/05/06 4:35:24.502,2025/05/06 4:35:24.502,4.548641,2.481936,3.57527,11.97673,0,-73.10961,0,1
3586,8,10,"00:00:10",1,0.959909999999994,5.311795,31.93279,-80.8260404,-76.06283,-86.99632,2025/05/06 4:35:24.502,2025/05/06 4:35:24.502,11.4691,11.13757,10.09433,10.93349,0,-74.69619,0,1
（省略）
4526,8,950,"00:15:50",1,-21.2742045,0,21.2742045,1.0034853,10.832824,-10.4413805,2025/05/06 4:35:25.767,2025/05/06 4:35:25.767,5.999621,2.28374,5.19223,21.2742,0.9652188,-8.119126,1,0
4527,8,951,"00:15:51",1,-13.782217,3.35371,22.444129,-27.776492,-15.525003,-33.638176,2025/05/06 4:35:25.767,2025/05/06 4:35:25.767,28.77998,26.35783,23.1968,18.11317,0.5370585,-6.589967,0,0
4528,8,952,"00:15:52",1,4.506443,6.93359999999999,39.239741,-44.3419918,-30.48222,-52.355312,2025/05/06 4:35:25.768,2025/05/06 4:35:25.768,16.5655,14.95722,18.71714,21.87309,0.2609668,-23.705,0,0
4529,8,953,"00:15:53",1,-28.629231,0,28.629231,-42.8364568,-25.742039,-54.37127,2025/05/06 4:35:25.769,2025/05/06 4:35:25.769,1.505535,4.740181,2.015958,28.62923,0.2860591,-38.31831,0,0
4530,8,954,"00:15:54",1,3.643842,2.88272,14.011082,-51.1947627,-46.33423,-54.941082,2025/05/06 4:35:25.769,2025/05/06 4:35:25.769,8.358306,20.59219,0.569812,8.606852,0.146754,-46.1244,0,0
4531,8,955,"00:15:55",1,12.773162,6.948585,25.546802,-55.1723367,-41.558388,-60.71837,2025/05/06 4:35:25.770,2025/05/06 4:35:25.770,3.977574,4.775842,5.777288,19.15998,0.08340699,-49.73452,0,0
4532,8,956,"00:15:56",1,40.3136112,7.499413,40.3136112,-9.809070351,6.2530212,-34.06059,2025/05/06 4:35:25.770,2025/05/06 4:35:25.770,45.36327,47.81141,26.65778,40.31361,0.8152128,-38.72539,1,0
4533,8,957,"00:15:57",1,-3.1911526,2.599418,13.1081806,8.43782964,10.945736,3.1833484,2025/05/06 4:35:25.771,2025/05/06 4:35:25.771,18.2469,4.692715,37.24394,7.762388,1,-18.84786,1,0
4534,8,958,"00:15:58",1,-21.41091134,2.571697,27.95205334,-12.748498296,0.77338034,-20.638172,2025/05/06 4:35:25.772,2025/05/06 4:35:25.772,21.18633,10.17236,23.82152,21.41155,0.786236,-4.70658,1,0
4535,8,959,"00:15:59",1,-18.964909,5.06829,29.101489,-35.4857569,-22.783861,-46.81706,2025/05/06 4:35:25.772,2025/05/06 4:35:25.772,22.73726,23.55724,26.17889,24.0332,0.4085707,-13.26548,0,0
4536,8,960,"00:16:00",1,-21.354014,0.867706999999996,24.375646,-56.074765,-39.285076,-60.63909,2025/05/06 4:35:25.773,2025/05/06 4:35:25.773,20.58901,16.50121,13.82203,21.35401,0.06695549,-34.76967,0,0
4537,8,961,"00:16:01",1,3.07617,2.186472,12.385522,-62.917516,-59.87341,-66.258736,2025/05/06 4:35:25.774,2025/05/06 4:35:25.774,6.842751,20.58833,5.619646,6.385326,0.0002109846,-51.49268,0,1
4538,8,962,"00:16:02",1,-2.70678599999999,0.761141999999999,5.86875999999999,-60.2595028,-58.885544,-62.056202,2025/05/06 4:35:25.775,2025/05/06 4:35:25.775,2.658013,0.987866,4.202534,3.170658,0.005209611,-59.7506,0,1
4539,8,963,"00:16:03",1,10.221665,9.1165,21.439985,-60.4598312,-49.556725,-64.79821,2025/05/06 4:35:25.775,2025/05/06 4:35:25.775,0.2003284,9.328819,2.742008,15.24148,0.02133769,-61.21228,0,0
4540,8,964,"00:16:04",1,-16.79719,1.076328,21.016246,-57.7448771,-43.60148,-62.508198,2025/05/06 4:35:25.775,2025/05/06 4:35:25.775,2.714954,5.955245,2.290012,18.90672,0.05172913,-59.48807,0,0
4541,8,965,"00:16:05",1,3.090084,1.685968,7.09428400000001,-56.6274327,-54.29991,-59.392094,2025/05/06 4:35:25.776,2025/05/06 4:35:25.776,1.117444,10.69843,3.116104,5.092184,0.05620945,-58.27738,0,1
4542,8,966,"00:16:06",1,16.052495,6.230145,24.446661,-52.2060785,-38.697433,-58.728745,2025/05/06 4:35:25.777,2025/05/06 4:35:25.777,4.421354,15.60248,0.663349,20.03131,0.1298987,-55.52613,0,0
4543,8,967,"00:16:07",1,24.06463,5.79176,24.4980976,-12.41815752,-3.7812862,-28.06265,2025/05/06 4:35:25.777,2025/05/06 4:35:25.777,39.78792,34.91615,30.6661,24.28136,0.7930307,-40.41722,0,0
4544,8,968,"00:16:08",1,-7.4925702,0.667841999999998,11.1433742,-11.62901398,-6.1059628,-13.598533,2025/05/06 4:35:25.778,2025/05/06 4:35:25.778,0.7891436,2.324677,14.46412,7.49257,0.8061831,-25.41775,0,0
4545,8,969,"00:16:09",1,19.2976777,8.756561,52.3306977,-20.5295746,0.1270047,-35.687183,2025/05/06 4:35:25.779,2025/05/06 4:35:25.779,8.90056,6.232967,22.08865,35.81419,0.6576288,-14.85892,1,0
4546,8,970,"00:16:10",1,5.599169,1.8868144,6.367293,8.60262045,10.372296,4.722284,2025/05/06 4:35:25.779,2025/05/06 4:35:25.779,29.13219,10.24529,40.40947,5.650012,1,-7.851989,1,0
4547,8,971,"00:16:11",1,-33.789994,0,33.789994,-7.46437217,8.457436,-25.332558,2025/05/06 4:35:25.780,2025/05/06 4:35:25.780,16.06699,1.91486,30.05484,33.78999,0.8480463,-6.463776,1,0
4548,8,972,"00:16:12",1,-6.418494,4.002694,17.500154,-31.1401613,-24.481955,-35.28033,2025/05/06 4:35:25.780,2025/05/06 4:35:25.780,23.67579,32.93939,9.947772,10.79838,0.4809973,-10.00064,0,0
4549,8,973,"00:16:13",1,15.004008,2.99468,18.856838,-16.3271085,-9.008957,-25.93938,2025/05/06 4:35:25.781,2025/05/06 4:35:25.781,14.81305,15.473,9.34095,16.93042,0.7278816,-18.31055,0,0
4550,8,974,"00:16:14",1,14.3974126,4.410685,15.6477806,-8.40763974,-1.3224204,-15.719833,2025/05/06 4:35:25.782,2025/05/06 4:35:25.782,7.919469,7.686537,10.21955,14.39741,0.8598727,-18.62497,1,0
4551,8,975,"00:16:15",1,-19.76143046,2.30796774,27.51715954,-2.366917462,3.931394,-19.707901,2025/05/06 4:35:25.782,2025/05/06 4:35:25.782,6.040722,5.253814,3.988068,23.6393,0.9331106,-9.033889,1,0
4552,8,976,"00:16:16",1,13.1881975,7.6427785,32.6547335,-4.943842194,2.4109275,-20.510538,2025/05/06 4:35:25.783,2025/05/06 4:35:25.783,2.576925,1.520466,0.802637,22.92146,0.906945,-5.239467,1,0
4553,8,977,"00:16:17",1,9.7606602,5.082808,19.474746,-6.424949913,-0.4966479,-15.114351,2025/05/06 4:35:25.783,2025/05/06 4:35:25.783,1.481108,2.907575,5.396187,14.6177,0.8929175,-4.57857,1,0
4554,8,978,"00:16:18",1,-34.4855616,0,34.4855616,-18.80904784,-3.9217334,-38.407295,2025/05/06 4:35:25.785,2025/05/06 4:35:25.785,12.3841,3.425086,23.29294,34.48556,0.6865159,-10.05928,0,0
4555,8,979,"00:16:19",1,17.401556,10.541646,44.592732,-37.9544972,-22.8613,-46.146606,2025/05/06 4:35:25.786,2025/05/06 4:35:25.786,19.14545,18.93957,7.739311,23.28531,0.3674251,-21.06283,0,0
4556,8,980,"00:16:20",1,23.516162,5.288969,23.516162,-0.12089839,8.021702,-15.49446,2025/05/06 4:35:25.787,2025/05/06 4:35:25.787,37.8336,30.883,30.65215,23.51616,0.9487388,-18.96148,1,0
4557,8,981,"00:16:21",1,-23.719974,0.600380999999999,24.920736,0.526532796,10.020245,-14.30011,2025/05/06 4:35:25.788,2025/05/06 4:35:25.788,0.6474312,1.998543,1.19435,24.32035,0.9405067,-12.51629,1,0
4558,8,982,"00:16:22",1,-25.727295,0,25.727295,-31.5704179,-18.3498,-44.077095,2025/05/06 4:35:25.789,2025/05/06 4:35:25.789,32.09695,28.37004,29.77699,25.72729,0.4738264,-10.38826,0,0
4559,8,983,"00:16:23",1,6.56199,3.133332,14.79744,-41.3490025,-37.93029,-44.49228,2025/05/06 4:35:25.790,2025/05/06 4:35:25.791,9.778584,19.58049,0.415185,6.56199,0.31085,-24.13096,0,0
4560,8,984,"00:16:24",1,9.699068,7.024681,17.874836,-27.9882152,-25.483587,-35.182655,2025/05/06 4:35:25.791,2025/05/06 4:35:25.791,13.36079,12.4467,9.309625,9.699068,0.5335298,-33.63588,0,0
4561,8,985,"00:16:25",1,7.272761,1.93989,9.336813,-18.192754,-15.10647,-23.411257,2025/05/06 4:35:25.793,2025/05/06 4:35:25.793,9.795462,10.37712,11.7714,8.304787,0.6967874,-29.17666,0,0
4562,8,986,"00:16:26",1,-19.737748,1.369371,24.806844,-23.9425966,-14.822344,-37.09464,2025/05/06 4:35:25.793,2025/05/06 4:35:25.793,5.749843,0.284126,13.68338,22.2723,0.6009567,-23.37452,0,0
4563,8,987,"00:16:27",1,27.128122,7.319879,27.612376,-26.56535765,-12.315424,-39.443546,2025/05/06 4:35:25.794,2025/05/06 4:35:25.794,2.622761,2.50692,2.348906,27.12812,0.5572441,-22.90024,0,0
4564,8,988,"00:16:28",1,-6.840513,1.060694,9.03985799999999,-16.66633795,-12.633785,-20.534992,2025/05/06 4:35:25.795,2025/05/06 4:35:25.795,9.899019,0.318361,18.90855,7.901207,0.7222277,-22.39143,0,0
4565,8,989,"00:16:29",1,-16.654871,2.442114,21.772207,-27.100613,-18.568201,-37.78174,2025/05/06 4:35:25.796,2025/05/06 4:35:25.796,10.43427,5.934416,17.24675,19.21354,0.5483231,-23.4441,0,0
4566,8,990,"00:16:30",1,35.190538,7.801701,37.037262,-2.829050927,9.025601,-27.088299,2025/05/06 4:35:25.797,2025/05/06 4:35:25.797,24.27156,27.5938,10.69344,36.1139,0.886357,-15.532,1,0
4567,8,991,"00:16:31",1,-10.6163297,0.0165907999999999,10.6495113,2.15099905,6.225452,-4.3908777,2025/05/06 4:35:25.798,2025/05/06 4:35:25.798,4.98005,2.800149,22.69742,10.61633,0.9918339,-9.259555,1,0
4568,8,992,"00:16:32",1,-19.610492,2.584425,33.384948,-25.8309679,-9.52649,-36.02421,2025/05/06 4:35:25.799,2025/05/06 4:35:25.799,27.98197,15.75194,31.63333,26.49772,0.5694839,-8.83634,0,0
4569,8,993,"00:16:33",1,-17.799042,0.162573999999999,18.12419,-41.0527288,-30.269272,-48.068314,2025/05/06 4:35:25.800,2025/05/06 4:35:25.800,15.22176,20.74278,12.0441,17.79904,0.3157879,-21.57757,0,0
4570,8,994,"00:16:34",1,-1.53721299999999,0.778320000000001,4.60795899999999,-48.6730862,-47.48978,-49.784046,2025/05/06 4:35:25.800,2025/05/06 4:35:25.800,7.620358,17.22051,1.715732,2.294266,0.1887819,-38.51893,0,0
4571,8,995,"00:16:35",1,26.334809,13.311579,56.336923,-28.1179605,-17.020088,-46.246216,2025/05/06 4:35:25.801,2025/05/06 4:35:25.801,20.55513,30.46969,3.53783,29.22613,0.5313673,-39.28126,0,0
4572,8,996,"00:16:36",1,22.0526416,6.6396842,33.4650376,-9.58471416,1.8458946,-20.206747,2025/05/06 4:35:25.802,2025/05/06 4:35:25.802,18.53325,18.86598,26.03947,22.05264,0.8371783,-28.79192,1,0
4573,8,997,"00:16:37",1,-1.4523598,0.954146300000001,6.2890504,4.73320564,6.1417923,2.424558,2025/05/06 4:35:25.802,2025/05/06 4:35:25.802,14.31792,4.295897,22.63131,3.717234,1,-10.98982,1,0
4574,8,998,"00:16:38",1,-0.74938905,3.5247367,19.96914375,-3.5901826914,1.2561574,-9.103109,2025/05/06 4:35:25.803,2025/05/06 4:35:25.803,8.323388,4.885635,11.52767,10.35927,0.9372254,-2.813897,1,0
4575,8,999,"00:16:39",1,-10.418654,0.532999999999999,11.484654,-6.24429969,1.247121,-9.680861,2025/05/06 4:35:25.804,2025/05/06 4:35:25.804,2.654117,0.0090364,0.577752,10.92798,0.8938498,-1.700426,1,0
4576,8,1000,"00:16:40",1,0.102063999999999,2.440069,7.36746,-10.8172247,-9.798958,-12.239027,2025/05/06 4:35:25.861,2025/05/06 4:35:25.861,4.572925,11.04608,2.558166,2.440069,0.8197129,-6.883903,0,0
4577,8,1001,"00:16:41",1,-15.9192033,1.513366,21.4020435,-10.66549613,-6.816008,-23.635788,2025/05/06 4:35:25.861,2025/05/06 4:35:25.861,0.1517286,2.98295,11.39676,16.81978,0.8222417,-9.24234,0,0
4578,8,1002,"00:16:42",1,12.608223,7.907502,32.587257,-31.4825074,-16.09362,-38.69136,2025/05/06 4:35:25.862,2025/05/06 4:35:25.862,20.81701,9.277612,15.05557,22.59774,0.4752916,-17.65508,0,0
4579,8,1003,"00:16:43",1,11.7051806,5.6526982,22.1595674,1.726142712,7.347853,-9.584521,2025/05/06 4:35:25.863,2025/05/06 4:35:25.863,33.20865,23.44147,29.10684,16.93237,0.9771468,-13.47395,1,0
4580,8,1004,"00:16:44",1,-22.6059959,0.41417349,23.43434288,-5.1499126813,0.8716169,-21.734379,2025/05/06 4:35:25.863,2025/05/06 4:35:25.863,6.876055,6.476236,12.14986,22.606,0.9126134,-11.63543,1,0
4581,8,1005,"00:16:45",1,-1.509917,2.714977,15.133281,-30.979934,-27.548988,-34.57193,2025/05/06 4:35:25.864,2025/05/06 4:35:25.864,25.83002,28.4206,12.83755,7.022942,0.4836678,-11.4679,0,0
4582,8,1006,"00:16:46",1,-21.905159,0,21.905159,-38.6127906,-28.091743,-49.996902,2025/05/06 4:35:25.866,2025/05/06 4:35:25.866,7.632856,0.542755,15.42497,21.90516,0.3564535,-24.91421,0,0
4583,8,1007,"00:16:47",1,1.260676,4.118869,14.076716,-45.8953065,-41.98835,-49.162754,2025/05/06 4:35:25.866,2025/05/06 4:35:25.866,7.282516,13.89661,0.834148,7.174404,0.2350782,-38.49601,0,0
4584,8,1008,"00:16:48",1,25.474949,9.152353,35.109215,-43.2274074,-23.550087,-53.456635,2025/05/06 4:35:25.867,2025/05/06 4:35:25.867,2.667899,18.43826,4.293881,29.90655,0.2795432,-42.5785,0,0
4585,8,1009,"00:16:49",1,6.635557,4.909156,21.228271,-14.6705829,-11.365199,-18.661556,2025/05/06 4:35:25.867,2025/05/06 4:35:25.867,28.55682,12.18489,34.79508,7.296357,0.7554903,-34.59777,0,0
4586,8,1010,"00:16:50",1,-20.398146,1.192336,24.5454628,-13.49251231,-7.5964956,-30.0683,2025/05/06 4:35:25.868,2025/05/06 4:35:25.868,1.178071,3.768703,11.40674,22.4718,0.7751248,-23.79683,0,0
4587,8,1011,"00:16:51",1,28.833436,10.970365,35.507204,-20.71372374,-5.470004,-37.640324,2025/05/06 4:35:25.869,2025/05/06 4:35:25.869,7.221211,2.126492,7.572024,32.17032,0.6547713,-16.29227,0,0
4588,8,1012,"00:16:52",1,1.6413846,1.161161,4.7207642,-3.98545405,-2.6776094,-4.8399453,2025/05/06 4:35:25.870,2025/05/06 4:35:25.870,16.72827,2.792395,32.80038,2.162336,0.9335757,-12.73056,1,0
4589,8,1013,"00:16:53",1,-24.5702102,1.0089061,26.7196386,-8.83014377,-1.3333106,-26.978235,2025/05/06 4:35:25.870,2025/05/06 4:35:25.870,4.84469,1.344299,22.13829,25.64492,0.8528309,-11.17644,1,0
4590,8,1014,"00:16:54",1,27.9056578,8.9748898,45.7739218,-28.15697732,-3.3960772,-40.235867,2025/05/06 4:35:25.871,2025/05/06 4:35:25.871,19.32683,2.062767,13.25763,36.83979,0.5307171,-13.65753,0,0
4591,8,1015,"00:16:55",1,-0.4721383,2.5773025,7.4961787,4.67640426,6.001818,2.380931,2025/05/06 4:35:25.871,2025/05/06 4:35:25.871,32.83338,9.397895,42.6168,3.620887,1,-10.77024,1,0
4592,8,1016,"00:16:56",1,-32.3168272,0.2691851,32.8551974,-10.993896763,2.3645883,-30.221424,2025/05/06 4:35:25.872,2025/05/06 4:35:25.872,15.6703,3.63723,32.60236,32.58601,0.8080556,-11.49149,1,0
4593,8,1017,"00:16:57",1,-2.438665,1.404955,12.090183,-34.0149239,-31.163671,-35.9133,2025/05/06 4:35:25.873,2025/05/06 4:35:25.873,23.02103,33.52826,5.691876,4.749629,0.4330846,-13.44414,0,0
4594,8,1018,"00:16:58",1,3.177471,4.001797,12.659933,-36.2157709,-32.435566,-38.505054,2025/05/06 4:35:25.873,2025/05/06 4:35:25.873,2.200847,1.271895,2.591754,6.069488,0.3964038,-27.07486,0,0
4595,8,1019,"00:16:59",1,1.175512,4.266138,16.518456,-22.7927954,-18.846903,-27.039158,2025/05/06 4:35:25.873,2025/05/06 4:35:25.873,13.42298,13.58866,11.4659,8.192255,0.62012,-31.00783,0,0
4596,8,1020,"00:17:00",1,-25.959905,0.561717999999999,27.083341,-35.1353611,-25.126125,-51.08603,2025/05/06 4:35:25.874,2025/05/06 4:35:25.874,12.34257,6.279222,24.04687,25.95991,0.4144107,-31.38131,0,0
4597,8,1021,"00:17:01",1,-1.05260999999999,1.11208000000001,4.11784200000002,-51.5880111,-50.524384,-53.10961,2025/05/06 4:35:25.874,2025/05/06 4:35:25.874,16.45265,25.39826,2.02358,2.585226,0.1401998,-36.50539,0,1
4598,8,1022,"00:17:02",1,36.376505,8.239104,36.376505,-33.43066535,-13.087095,-49.4636,2025/05/06 4:35:25.875,2025/05/06 4:35:25.875,18.15734,37.43729,3.64601,36.37651,0.4428222,-40.05135,0,0
4599,8,1023,"00:17:03",1,16.9204944,4.5902436,17.3455662,-0.93584553,5.2485123,-11.884518,2025/05/06 4:35:25.875,2025/05/06 4:35:25.875,32.49482,18.33561,37.57908,17.13303,0.9485424,-28.65151,1,0
4600,8,1024,"00:17:04",1,-26.9647438,0.5117907,27.9883252,-6.833543189,3.1645598,-23.800184,2025/05/06 4:35:25.877,2025/05/06 4:35:25.877,5.897697,2.083952,11.91567,26.96474,0.8808333,-13.73335,1,0
4601,8,1025,"00:17:05",1,10.111218,8.255036,33.121782,-25.303925,-17.182434,-33.311905,2025/05/06 4:35:25.877,2025/05/06 4:35:25.877,18.47038,20.34699,9.511721,16.12947,0.5782679,-11.02444,0,0
4602,8,1026,"00:17:06",1,6.9617089,6.608956,28.1416609,-8.18168906,-1.6965021,-16.097694,2025/05/06 4:35:25.878,2025/05/06 4:35:25.878,17.12224,15.48593,17.21421,14.40119,0.8636385,-13.43972,1,0
4603,8,1027,"00:17:07",1,-0.0770208999999999,9.196147,41.2856761,-11.13585348,-2.2815635,-22.962912,2025/05/06 4:35:25.879,2025/05/06 4:35:25.879,2.954165,0.5850614,6.865218,20.68135,0.8144025,-14.87382,1,0
4604,8,1028,"00:17:08",1,-8.75070492,1.16518428,14.01352728,0.594070162,2.8162642,-8.343435,2025/05/06 4:35:25.879,2025/05/06 4:35:25.879,11.72992,5.097828,14.61948,11.1597,0.9835265,-6.241158,1,0
4605,8,1029,"00:17:09",1,17.7496533,3.865678,17.7496533,-3.807250233,3.2300913,-14.519562,2025/05/06 4:35:25.880,2025/05/06 4:35:25.880,4.40132,0.4138271,6.176127,17.74965,0.9219569,-4.783011,1,0
4606,8,1030,"00:17:10",1,-26.9924745,6.642543,40.2775605,-14.137741196,3.0391965,-30.595821,2025/05/06 4:35:25.881,2025/05/06 4:35:25.881,10.33049,0.1908948,16.07626,33.63502,0.7558322,-5.78364,1,0
4607,8,1031,"00:17:11",1,11.0472632,6.848249,14.8740822,-4.44251381,-1.1711693,-14.131842,2025/05/06 4:35:25.881,2025/05/06 4:35:25.881,9.695228,4.210366,16.46398,12.96067,0.9259581,-7.462502,1,0
4608,8,1032,"00:17:12",1,-18.4888086,0.443424999999998,19.3756586,-10.99585231,-3.3419824,-22.274216,2025/05/06 4:35:25.882,2025/05/06 4:35:25.882,6.553339,2.170813,8.142374,18.93223,0.8167358,-9.858703,0,0
4609,8,1033,"00:17:13",1,18.1933176,7.1893586,20.3577424,-1.25903196,2.881495,-16.394035,2025/05/06 4:35:25.882,2025/05/06 4:35:25.882,9.73682,6.223477,5.880181,19.27553,0.9525695,-5.565799,1,0
4610,8,1034,"00:17:14",1,-5.102615,0.187481,6.0013816,-2.49816731,0.3099443,-4.7926707,2025/05/06 4:35:25.883,2025/05/06 4:35:25.883,1.239135,2.571551,11.60136,5.102615,0.9578473,-4.917684,1,0
4611,8,1035,"00:17:15",1,8.6993366,1.9208965,9.758756,-0.56350086,3.713087,-5.5159593,2025/05/06 4:35:25.883,2025/05/06 4:35:25.883,1.934666,3.403143,0.7232886,9.229046,0.9687381,-1.440233,1,0
4612,8,1036,"00:17:16",1,-24.7258408,0,24.7258408,-11.323589966,2.1493368,-22.576504,2025/05/06 4:35:25.884,2025/05/06 4:35:25.884,10.76009,1.56375,17.06054,24.72584,0.8072701,-4.795086,1,0
4613,8,1037,"00:17:17",1,-7.185687,0.690636000000001,9.863721,-28.1734488,-25.068338,-32.254025,2025/05/06 4:35:25.885,2025/05/06 4:35:25.885,16.84986,27.21767,9.677521,7.185687,0.5304425,-13.35351,0,0
4614,8,1038,"00:17:18",1,12.38188,7.536343,20.970988,-26.5362,-18.907406,-34.585518,2025/05/06 4:35:25.885,2025/05/06 4:35:25.885,1.637249,6.160932,2.331493,15.67811,0.55773,-22.01108,0,0
4615,8,1039,"00:17:19",1,10.874529,3.489496,11.559209,-11.7985519,-8.156258,-19.373127,2025/05/06 4:35:25.886,2025/05/06 4:35:25.886,14.73765,10.75115,15.21239,11.21687,0.8033575,-22.1694,0,0
4616,8,1040,"00:17:20",1,0.871322,1.315393,9.5441284,-8.01961227,-5.7375298,-10.073933,2025/05/06 4:35:25.887,2025/05/06 4:35:25.887,3.77894,2.418728,9.299194,4.336403,0.8663398,-15.45146,0,0
4617,8,1041,"00:17:21",1,0.255641,0.758768,3.433971,-8.10886414,-7.434993,-8.70656,2025/05/06 4:35:25.887,2025/05/06 4:35:25.887,0.08925187,1.697463,1.367373,1.271567,0.8648522,-9.30901,0,0
4618,8,1042,"00:17:22",1,-10.802081,0.875179800000001,14.2409198,-8.26216227,-5.5331016,-18.054602,2025/05/06 4:35:25.888,2025/05/06 4:35:25.888,0.1532981,1.901891,9.348042,12.5215,0.8622973,-8.130213,0,0
4619,8,1043,"00:17:23",1,19.347121,7.445509,38.954619,-20.9762708,-3.752073,-32.902943,2025/05/06 4:35:25.888,2025/05/06 4:35:25.888,12.71411,1.781029,14.84834,29.15087,0.6503955,-12.4491,0,0
4620,8,1044,"00:17:24",1,2.201516,1.6539346,6.8953722,1.83254452,2.859124,0.3634888,2025/05/06 4:35:25.889,2025/05/06 4:35:25.889,22.80882,6.611197,33.26643,2.495635,1,-9.135296,1,0
4621,8,1045,"00:17:25",1,-34.9588562,0,34.9588562,-14.538757247,1.5246402,-33.434216,2025/05/06 4:35:25.890,2025/05/06 4:35:25.890,16.3713,1.334484,33.79771,34.95885,0.7551463,-11.22749,1,0
4622,8,1046,"00:17:26",1,-10.906158,0.0287620000000004,10.963682,-43.6871223,-37.303448,-48.209606,2025/05/06 4:35:25.891,2025/05/06 4:35:25.891,29.14837,38.82809,14.77539,10.90616,0.2718813,-18.79778,0,0
4623,8,1047,"00:17:27",1,4.333134,4.267043,13.869384,-50.1231213,-44.637302,-53.675415,2025/05/06 4:35:25.891,2025/05/06 4:35:25.891,6.435999,7.333854,5.465809,9.038113,0.1646146,-36.11633,0,0
4624,8,1048,"00:17:28",1,7.65157,3.43857,10.519688,-43.1131663,-37.44281,-45.09438,2025/05/06 4:35:25.892,2025/05/06 4:35:25.892,7.009955,7.194492,8.581035,7.65157,0.2814472,-45.64114,0,0
4625,8,1049,"00:17:29",1,31.7765931,6.224058,31.7765931,-11.514411064,1.1523371,-30.624256,2025/05/06 4:35:25.893,2025/05/06 4:35:25.893,31.59875,38.59515,14.47012,31.77659,0.8061726,-34.9169,1,0
4626,8,1050,"00:17:30",1,4.826839,3.5533305,21.72162912,-2.223690834,4.1986427,-8.576996,2025/05/06 4:35:25.894,2025/05/06 4:35:25.894,9.29072,3.046306,22.04726,12.77564,0.9546977,-18.95042,1,0
4627,8,1051,"00:17:31",1,-1.5179325,2.6944667,10.9387245,5.60290336,8.187677,3.3377442,2025/05/06 4:35:25.894,2025/05/06 4:35:25.894,7.826594,3.989034,11.91474,4.849933,1,-2.711733,1,0
4628,8,1052,"00:17:32",1,-7.8581919,1.0086904,10.3335957,-1.866932581,2.8289084,-6.2669854,2025/05/06 4:35:25.895,2025/05/06 4:35:25.895,7.469836,5.358768,9.60473,9.095894,0.9586343,0.5040933,1,0
4629,8,1053,"00:17:33",1,-22.3897897,2.4204855,28.5870013,-9.06279521,-2.0998423,-27.475895,2025/05/06 4:35:25.895,2025/05/06 4:35:25.895,7.195863,4.928751,21.20891,25.37605,0.8489534,-1.775608,1,0
4630,8,1054,"00:17:34",1,25.176349,8.658433,31.8038216,-17.42514207,-5.271641,-33.037094,2025/05/06 4:35:25.896,2025/05/06 4:35:25.896,8.362347,3.171799,5.561199,27.76545,0.709581,-9.451623,0,0
4631,8,1055,"00:17:35",1,-15.754925,1.660189,19.075303,-7.75433541,-1.461824,-18.876938,2025/05/06 4:35:25.897,2025/05/06 4:35:25.897,9.670807,3.809817,14.16016,17.41511,0.8707611,-11.41409,1,0
4632,8,1056,"00:17:36",1,-20.416427,1.158732,22.965069,-37.1669182,-22.067303,-43.62604,2025/05/06 4:35:25.897,2025/05/06 4:35:25.897,29.41258,20.60548,24.7491,21.55874,0.3805514,-20.78213,0,0
4633,8,1057,"00:17:37",1,11.426443,3.262063,17.026659,-35.2426398,-30.417862,-44.644413,2025/05/06 4:35:25.898,2025/05/06 4:35:25.898,1.924278,8.350559,1.018373,14.22655,0.4126227,-26.7213,0,0
4634,8,1058,"00:17:38",1,-10.489068,1.673164,13.835396,-38.6840219,-34.077602,-44.56667,2025/05/06 4:35:25.899,2025/05/06 4:35:25.899,3.441382,3.65974,0.077743,10.48907,0.3552663,-37.03119,0,0
4635,8,1059,"00:17:39",1,25.087963,8.3811,34.052821,-45.6539187,-24.463322,-54.033714,2025/05/06 4:35:25.899,2025/05/06 4:35:25.899,6.969897,9.61428,9.467044,29.57039,0.2391014,-39.8602,0,0
4636,8,1060,"00:17:40",1,-11.612527,6.546009,32.5380718,-8.05716497,-0.8173356,-22.892635,2025/05/06 4:35:25.900,2025/05/06 4:35:25.900,37.59675,23.64599,31.14108,22.0753,0.8657139,-30.79837,1,0
4637,8,1061,"00:17:41",1,25.2396156,10.795925,30.9447552,-6.361858706,1.5810734,-26.511112,2025/05/06 4:35:25.901,2025/05/06 4:35:25.901,1.695306,2.398409,3.618477,28.09219,0.8888611,-20.02431,1,0
4638,8,1062,"00:17:42",1,-8.3688584,1.25406,12.8174904,-7.77231801,-1.5689056,-12.16208,2025/05/06 4:35:25.901,2025/05/06 4:35:25.901,1.410459,3.149979,14.34903,10.59317,0.8704613,-7.397114,1,0
4639,8,1063,"00:17:43",1,-16.523139,0.0135699999999996,16.566207,-14.558299,-9.817639,-26.340778,2025/05/06 4:35:25.902,2025/05/06 4:35:25.902,6.785981,8.248734,14.1787,16.52314,0.7573617,-9.564158,0,0
4640,8,1064,"00:17:44",1,14.083298,9.547933,34.6828914,-14.91540703,-5.5398483,-29.922943,2025/05/06 4:35:25.902,2025/05/06 4:35:25.902,0.357108,4.277791,3.582165,24.38309,0.7514099,-12.41534,0,0
4641,8,1065,"00:17:45",1,-1.736241,1.633964,14.106967,-23.9912572,-19.869354,-27.790958,2025/05/06 4:35:25.903,2025/05/06 4:35:25.903,9.07585,14.32951,2.131985,7.921604,0.6001457,-17.82166,0,0
4642,8,1066,"00:17:46",1,7.966131,8.968162,37.219045,-26.0482548,-13.565966,-36.158554,2025/05/06 4:35:25.904,2025/05/06 4:35:25.904,2.056998,6.303388,8.367596,22.59259,0.5658624,-21.65164,0,0
4643,8,1067,"00:17:47",1,8.9716303,6.7022283,19.6090825,-0.986263105,2.7585354,-11.531821,2025/05/06 4:35:25.904,2025/05/06 4:35:25.904,25.06199,16.3245,24.62673,14.29036,0.9666305,-17.00859,1,0
4644,8,1068,"00:17:48",1,-13.0647734,0,13.0647734,-9.16233966,-3.8804796,-16.945253,2025/05/06 4:35:25.905,2025/05/06 4:35:25.905,8.176077,6.639015,5.413432,13.06477,0.8472943,-12.06562,0,0
4645,8,1069,"00:17:49",1,-25.379265,0,25.379265,-34.0262887,-19.050835,-44.4301,2025/05/06 4:35:25.905,2025/05/06 4:35:25.905,24.86395,15.17036,27.48485,25.37926,0.4328952,-14.72496,0,0
4646,8,1070,"00:17:50",1,0.128537000000001,3.547574,8.315679,-45.5412209,-43.691803,-47.785374,2025/05/06 4:35:25.906,2025/05/06 4:35:25.906,11.51493,24.64097,3.355274,4.093571,0.2409797,-29.57662,0,0
4647,8,1071,"00:17:51",1,-12.489956,0.255536999999997,13.315752,-51.3846379,-41.706814,-54.19677,2025/05/06 4:35:25.907,2025/05/06 4:35:25.907,5.843417,1.984989,6.411396,12.48996,0.1435894,-43.65071,0,0
4648,8,1072,"00:17:52",1,1.166817,1.06466,5.292933,-53.2902841,-52.377014,-54.249172,2025/05/06 4:35:25.908,2025/05/06 4:35:25.908,1.905646,10.6702,0.052402,1.872158,0.1118286,-50.07205,0,1
4649,8,1073,"00:17:53",1,48.036955,10.945228,49.953215,-34.0690871,-4.961935,-53.95702,2025/05/06 4:35:25.908,2025/05/06 4:35:25.908,19.2212,47.41508,0.292152,48.99509,0.4321819,-46.248,0,0
4650,8,1074,"00:17:54",1,7.410935,3.6095015,10.0386262,5.65098233,7.4806647,-1.0500537,2025/05/06 4:35:25.909,2025/05/06 4:35:25.909,39.72007,12.4426,52.90697,8.530719,0.9982499,-27.23613,1,0
4651,8,1075,"00:17:55",1,-3.5034276,2.22791,10.5786136,8.74002194,10.497086,3.4560654,2025/05/06 4:35:25.909,2025/05/06 4:35:25.909,3.08904,3.016421,4.506119,7.04102,1,-6.559361,1,0
4652,8,1076,"00:17:56",1,3.8378505,7.7377862,28.9848965,5.6207766,13.742577,-2.6687965,2025/05/06 4:35:25.910,2025/05/06 4:35:25.910,3.119245,3.245491,6.124862,16.41137,0.9930013,6.670594,1,0
4653,8,1077,"00:17:57",1,-1.26051618,0.92931392,6.17647408,0.592292629,2.1691303,-0.79993916,2025/05/06 4:35:25.911,2025/05/06 4:35:25.911,5.028484,11.57345,1.868857,2.969069,0.9967894,4.984364,1,0
4654,8,1078,"00:17:58",1,-27.0733518,2.8756802,36.61866168,-7.824852706,-0.12668376,-28.35863,2025/05/06 4:35:25.911,2025/05/06 4:35:25.911,8.417146,2.295814,27.55869,28.23195,0.8695858,-0.5372612,1,0
4655,8,1079,"00:17:59",1,-2.08714399999999,2.508419,17.735212,-38.8405784,-33.744736,-43.655914,2025/05/06 4:35:25.912,2025/05/06 4:35:25.912,31.01573,33.61805,15.29728,9.911178,0.352657,-15.35771,0,0
4656,8,1080,"00:18:00",1,26.676169,7.934101,31.043469,-28.2159724,-10.856281,-39.7161,2025/05/06 4:35:25.912,2025/05/06 4:35:25.912,10.62461,22.88845,3.939814,28.85982,0.5297338,-24.96047,0,0
4657,8,1081,"00:18:01",1,4.0586953,7.5769993,23.8446777,1.50357325,7.49291,-6.4587765,2025/05/06 4:35:25.914,2025/05/06 4:35:25.914,29.71955,18.34919,33.25732,13.95169,0.9794411,-21.85099,1,0
4658,8,1082,"00:18:02",1,-14.6021124,7.239972,36.4656624,-16.32872438,-2.8651776,-28.399065,2025/05/06 4:35:25.914,2025/05/06 4:35:25.914,17.8323,10.35809,21.94029,25.53389,0.7278546,-14.34704,1,0
4659,8,1083,"00:18:03",1,5.610765,2.034394,5.846767,-11.8738309,-8.531979,-14.260745,2025/05/06 4:35:25.916,2025/05/06 4:35:25.916,4.454894,5.666801,14.13832,5.728766,0.8021028,-8.899661,0,0
4660,8,1084,"00:18:04",1,-19.815383,0,19.815383,-16.6581822,-8.894395,-28.709778,2025/05/06 4:35:25.916,2025/05/06 4:35:25.916,4.784351,0.362416,14.44903,19.81538,0.7223637,-14.95358,0,0
4661,8,1085,"00:18:05",1,12.693091,10.520579,33.221537,-33.6805208,-18.316446,-41.27376,2025/05/06 4:35:25.917,2025/05/06 4:35:25.917,17.02234,9.422051,12.56398,22.95731,0.438658,-20.73751,0,0
4662,8,1086,"00:18:06",1,16.954372,4.0373442,17.4177604,0.4072118226,9.270145,-7.684227,2025/05/06 4:35:25.917,2025/05/06 4:35:25.917,34.08773,27.58659,33.58953,16.95437,0.9658154,-16.64383,1,0
4663,8,1087,"00:18:07",1,-11.2987585,0.481314200000001,12.7980349,0.47836985,7.563614,-4.416584,2025/05/06 4:35:25.918,2025/05/06 4:35:25.918,0.07115803,1.706531,3.267643,11.9802,0.9653884,-10.93165,1,0
4664,8,1088,"00:18:08",1,11.719083,8.3206771,29.854091,6.90591294,14.103325,-4.354476,2025/05/06 4:35:25.918,2025/05/06 4:35:25.918,6.427543,6.539711,0.062108,18.4578,0.9910004,2.597165,1,0
4665,8,1089,"00:18:09",1,-3.895688,10.9632786,49.418868,-3.939623872,8.536781,-18.120497,2025/05/06 4:35:25.919,2025/05/06 4:35:25.919,10.84554,5.566544,13.76602,26.65728,0.8943868,1.14822,1,0
4666,8,1090,"00:18:10",1,-12.3567787,0,12.3567787,0.64911131,7.3788877,-4.977891,2025/05/06 4:35:25.920,2025/05/06 4:35:25.920,4.588735,1.157893,13.14261,12.35678,0.9779835,1.205133,1,0
4667,8,1091,"00:18:11",1,-34.217545,0.216166999999999,34.649879,-30.5900705,-8.28545,-42.719162,2025/05/06 4:35:25.921,2025/05/06 4:35:25.921,31.23918,15.66434,37.74127,34.43371,0.4901655,-11.29353,0,0
4668,8,1092,"00:18:12",1,-4.75107,0.019165000000001,4.7894,-44.6396949,-42.28237,-47.03344,2025/05/06 4:35:25.921,2025/05/06 4:35:25.921,14.04962,33.99692,4.314278,4.75107,0.2560051,-24.86022,0,0
4669,8,1093,"00:18:13",1,-1.460915,2.494393,13.837753,-47.2616259,-44.26204,-49.570198,2025/05/06 4:35:25.922,2025/05/06 4:35:25.922,2.621931,1.97967,2.536758,5.308158,0.2123062,-40.83046,0,0
4670,8,1094,"00:18:14",1,17.543896,5.832532,23.80595,-43.0571863,-29.882778,-48.101124,2025/05/06 4:35:25.923,2025/05/06 4:35:25.923,4.20444,14.37926,1.469074,18.21835,0.2823802,-44.98617,0,0
4671,8,1095,"00:18:15",1,24.518586,7.988037,32.068318,-2.51415092,5.912882,-22.38057,2025/05/06 4:35:25.923,2025/05/06 4:35:25.923,40.54303,35.79566,25.72055,28.29345,0.9179857,-30.94432,1,0
4672,8,1096,"00:18:16",1,-2.7411692,1.33992405,6.36965364,-0.4118080045,0.75377995,-2.022305,2025/05/06 4:35:25.923,2025/05/06 4:35:25.923,2.102343,5.159102,20.35826,2.776085,0.9895411,-15.32771,1,0
4673,8,1097,"00:18:17",1,-34.2112043,0,34.2112043,-18.69950036,-2.8112957,-37.0225,2025/05/06 4:35:25.924,2025/05/06 4:35:25.924,18.28769,3.565076,35.00019,34.2112,0.6883417,-7.208487,1,0
4674,8,1098,"00:18:18",1,3.422507,4.786857,12.844601,-40.1403998,-34.626373,-42.603607,2025/05/06 4:35:25.925,2025/05/06 4:35:25.925,21.4409,31.81508,5.581107,7.977234,0.3309933,-19.75057,0,0
4675,8,1099,"00:18:19",1,25.64698771,7.7226315,27.05661457,-6.1885259216,0.4378847,-25.74308,2025/05/06 4:35:25.925,2025/05/06 4:35:25.925,33.95187,35.06426,16.86053,26.18097,0.8959216,-21.67614,1,0
4676,8,1100,"00:18:20",1,-0.5829233,0.6383009,2.3622957,-1.59688887,-0.8309902,-2.0522144,2025/05/06 4:35:26.100,2025/05/06 4:35:26.100,4.591637,1.268875,23.69087,1.221224,0.9733852,-15.97527,1,0
4677,8,1101,"00:18:21",1,-5.1003183,0.728135,7.2757007,-5.45786198,-2.2313287,-8.30388,2025/05/06 4:35:26.101,2025/05/06 4:35:26.101,3.860973,1.400339,6.251666,6.072551,0.9090356,-4.414425,1,0
4678,8,1102,"00:18:22",1,-9.5547714,0.0586285000000002,9.6720284,-11.00051831,-7.6804376,-17.235209,2025/05/06 4:35:26.101,2025/05/06 4:35:26.101,5.542656,5.449109,8.931329,9.554771,0.816658,-6.018423,0,0
4679,8,1103,"00:18:23",1,-24.592148,0.414974000000001,25.422096,-34.6506085,-19.519032,-44.526154,2025/05/06 4:35:26.102,2025/05/06 4:35:26.102,23.65009,11.83859,27.29095,25.00712,0.4224899,-17.03633,0,0
4680,8,1104,"00:18:24",1,12.861,6.961514,18.263984,-42.9316929,-31.627846,-46.604355,2025/05/06 4:35:26.102,2025/05/06 4:35:26.102,8.281084,12.10881,2.078201,14.97651,0.2844718,-29.52761,0,0
4681,8,1105,"00:18:25",1,36.074137,9.556009,36.074137,-3.76980682,9.378659,-26.695478,2025/05/06 4:35:26.103,2025/05/06 4:35:26.103,39.16188,41.0065,19.90888,36.07414,0.8965936,-27.11737,1,0
4682,8,1106,"00:18:26",1,-3.413246,0.6973751,5.8066522,5.16281013,8.186399,3.5764499,2025/05/06 4:35:26.104,2025/05/06 4:35:26.104,8.932617,1.19226,30.27193,4.609949,1,-13.84623,1,0
4683,8,1107,"00:18:27",1,-1.5224998,0.8620262,4.2246084,5.70034151,6.6340733,3.9090192,2025/05/06 4:35:26.105,2025/05/06 4:35:26.105,0.5375314,1.552326,0.3325693,2.725054,1,2.364448,1,0
4684,8,1108,"00:18:28",1,0.9081855,0.2950639,1.8816883,3.85362078,4.56708,3.198969,2025/05/06 4:35:26.105,2025/05/06 4:35:26.105,1.846721,2.066993,0.7100502,1.368111,1,4.905591,1,0
4685,8,1109,"00:18:29",1,0.0702844999999996,0.4152748,2.4498581,3.2335677,3.7255998,2.5585518,2025/05/06 4:35:26.106,2025/05/06 4:35:26.106,0.6200531,0.8414802,0.6404172,1.167048,1,4.26251,1,0
4686,8,1110,"00:18:30",1,-1.2689314,0.4442919,2.928454,2.23334841,3.2842202,1.6682899,2025/05/06 4:35:26.106,2025/05/06 4:35:26.106,1.000219,0.4413796,0.8902619,1.61593,1,3.106846,1,0
4687,8,1111,"00:18:31",1,-1.2822398,0.18319522,2.3062917,0.91621338,1.8610306,0.09222597,2025/05/06 4:35:26.107,2025/05/06 4:35:26.107,1.317135,1.42319,1.576064,1.768805,1,2.12771,1,0
4688,8,1112,"00:18:32",1,1.0611474,0.3195374,1.552232,1.5196836,1.9562421,0.8834172,2025/05/06 4:35:26.108,2025/05/06 4:35:26.108,0.6034702,0.0952115,0.7911912,1.072825,1,1.556415,1,0
4689,8,1113,"00:18:33",1,-1.30559106,0.3222081,2.29071226,1.526994614,2.1625493,0.52582544,2025/05/06 4:35:26.109,2025/05/06 4:35:26.109,0.007311014,0.2063072,0.3575917,1.636724,1,1.320964,1,0
4690,8,1114,"00:18:34",1,1.8914646,0.6183491,1.8914646,1.326014745,2.4195547,0.5280901,2025/05/06 4:35:26.109,2025/05/06 4:35:26.109,0.2009799,0.2570054,0.00226466,1.891465,1,1.457564,1,0
4691,8,1115,"00:18:35",1,-2.0141647,0.2590361,2.7982715,1.88338015,3.2536137,0.8781817,2025/05/06 4:35:26.110,2025/05/06 4:35:26.110,0.5573654,0.834059,0.3500916,2.375432,1,1.578797,1,0
4692,8,1116,"00:18:36",1,0.17776203,0.42231393,1.68048523,1.170301603,1.5334691,0.7821075,2025/05/06 4:35:26.111,2025/05/06 4:35:26.111,0.7130786,1.720145,0.0960742,0.7513616,1,1.459899,1,0
4693,8,1117,"00:18:37",1,3.1735852,3.5173322,19.2772468,1.300777146,4.658855,-3.959002,2025/05/06 4:35:26.111,2025/05/06 4:35:26.111,0.1304755,3.125386,4.741109,8.617857,0.9894083,1.451486,1,0
4694,8,1118,"00:18:38",1,-4.892107072,0.524019583,6.754321352,1.1272709186,4.9380345,-0.26762334,2025/05/06 4:35:26.112,2025/05/06 4:35:26.112,0.1735062,0.2791795,3.691379,5.205658,0.999554,1.19945,1,0
4695,8,1119,"00:18:39",1,-14.3842324,0.530878000000001,16.2584124,-13.27920456,-2.5378716,-17.564869,2025/05/06 4:35:26.112,2025/05/06 4:35:26.112,14.40648,7.475906,17.29725,15.027,0.7786799,-3.617052,1,0
4696,8,1120,"00:18:40",1,18.13739337,5.75192937,18.13739337,-12.230172063,0.99256337,-17.14483,2025/05/06 4:35:26.113,2025/05/06 4:35:26.113,1.049032,3.530435,0.420039,18.13739,0.7945095,-8.127369,1,0
4697,8,1121,"00:18:41",1,-5.975225,0.9498485,11.6542926,3.8903939782,6.4880185,-2.3267403,2025/05/06 4:35:26.113,2025/05/06 4:35:26.113,16.12057,5.495455,14.81809,8.814759,0.9960298,-7.206327,1,0
4698,8,1122,"00:18:42",1,4.0662794,1.303253191,5.079434928,0.2502610937,1.5895028,-2.4767766,2025/05/06 4:35:26.114,2025/05/06 4:35:26.114,3.640133,4.898516,0.1500363,4.066279,0.9936759,-2.696506,1,0
4699,8,1123,"00:18:43",1,-0.8911671,1.3521922,4.7888113,2.62073399,4.3426957,1.6773069,2025/05/06 4:35:26.115,2025/05/06 4:35:26.115,2.370473,2.753193,4.154084,2.665389,1,2.253796,1,0
4700,8,1124,"00:18:44",1,4.2745168,3.9024277,12.1681898,4.96772052,9.4297285,1.2083752,2025/05/06 4:35:26.116,2025/05/06 4:35:26.116,2.346987,5.087033,0.4689317,8.221354,1,2.612905,1,0
4701,8,1125,"00:18:45",1,-24.43311,0,24.43311,-6.240976833,4.03819,-20.39492,2025/05/06 4:35:26.116,2025/05/06 4:35:26.116,11.2087,5.391539,21.60329,24.43311,0.8876742,0.4491592,1,0
4702,8,1126,"00:18:46",1,28.9693857,12.6711385,41.6688197,-21.58076098,3.3446527,-31.97445,2025/05/06 4:35:26.117,2025/05/06 4:35:26.117,15.33978,0.6935373,11.57953,35.3191,0.6347463,-7.618006,1,0
4703,8,1127,"00:18:47",1,-11.2256533,2.4777379,20.1178771,3.10280387,9.15069,-6.5210752,2025/05/06 4:35:26.118,2025/05/06 4:35:26.118,24.68357,5.806037,25.45337,15.67177,0.9783341,-8.239645,1,0
4704,8,1128,"00:18:48",1,-7.5755417,1.55152705,17.2972077,-1.511788555,2.4577088,-9.918591,2025/05/06 4:35:26.118,2025/05/06 4:35:26.118,4.614593,6.692981,3.397516,12.3763,0.9654418,-6.663249,1,0
4705,8,1129,"00:18:49",1,18.421227,8.590134,35.751053,-13.89387388,2.17344,-24.9127,2025/05/06 4:35:26.119,2025/05/06 4:35:26.119,12.38209,0.2842688,14.99411,27.08614,0.764813,-4.100953,1,0
4706,8,1130,"00:18:50",1,-11.0315395,0.3118755,12.1542485,1.80112672,6.078219,-4.9533205,2025/05/06 4:35:26.119,2025/05/06 4:35:26.119,15.695,3.904779,19.95938,11.03154,0.9885989,-4.534845,1,0
4707,8,1131,"00:18:51",1,2.694975,2.44383,11.819555,-10.32369027,-6.55851,-13.815775,2025/05/06 4:35:26.120,2025/05/06 4:35:26.120,12.12482,12.63673,8.862454,7.257265,0.8279385,-7.472146,0,0
4708,8,1132,"00:18:52",1,-5.389075,4.2662386,23.9192592,-4.6827789896,3.1457691,-11.508398,2025/05/06 4:35:26.121,2025/05/06 4:35:26.121,5.640911,9.704279,2.307377,14.65417,0.913217,-4.401781,1,0
4709,8,1133,"00:18:53",1,10.4373997,2.288513,12.61964022,-5.844204114,-0.61183804,-12.140358,2025/05/06 4:35:26.121,2025/05/06 4:35:26.121,1.161425,3.757607,0.63196,11.52852,0.9025966,-6.950224,1,0
4710,8,1134,"00:18:54",1,3.42952696,1.90407516,6.76336016,-2.731296864,0.19398156,-4.902462,2025/05/06 4:35:26.122,2025/05/06 4:35:26.122,3.112907,0.8058196,7.237896,5.096444,0.9541551,-4.419426,1,0
4711,8,1135,"00:18:55",1,3.0484886,2.1268336,11.1237516,3.98749022,7.4086804,1.1473374,2025/05/06 4:35:26.123,2025/05/06 4:35:26.123,6.718787,7.214699,6.049799,6.261343,1,-1.529337,1,0
4712,8,1136,"00:18:56",1,-10.8624427,1.854941,20.4578047,-10.33186232,-1.0457163,-16.70584,2025/05/06 4:35:26.123,2025/05/06 4:35:26.123,14.31935,8.454396,17.85318,15.66012,0.8278023,-3.025223,1,0
4713,8,1137,"00:18:57",1,3.651753,4.168062,20.0361482,-9.07348097,-5.3011894,-13.493387,2025/05/06 4:35:26.124,2025/05/06 4:35:26.124,1.258381,4.255473,3.212453,8.192198,0.8487753,-5.139284,0,0
4714,8,1138,"00:18:58",1,-9.979793,0.9450529,15.5730232,-4.9914399,-1.9418275,-14.216206,2025/05/06 4:35:26.124,2025/05/06 4:35:26.124,4.082041,3.359362,0.722819,12.27438,0.9168093,-8.132261,1,0
4715,8,1139,"00:18:59",1,23.1425514,5.425625,25.6691774,-8.06716248,5.4948864,-18.910978,2025/05/06 4:35:26.126,2025/05/06 4:35:26.126,3.075723,7.436714,4.694772,24.40586,0.8530087,-7.377361,1,0
4716,8,1140,"00:19:00",1,-30.0452753,4.219017,38.4833093,-10.985302264,5.4997163,-28.764576,2025/05/06 4:35:26.127,2025/05/06 4:35:26.127,2.91814,0.0048299,9.853598,34.26429,0.7995269,-8.014635,1,0
4717,8,1141,"00:19:01",1,-13.276176,2.550071,24.080694,-27.1736614,-19.124498,-35.524017,2025/05/06 4:35:26.127,2025/05/06 4:35:26.127,16.18836,24.62421,6.759441,16.39952,0.5471057,-15.40871,0,0
4718,8,1142,"00:19:02",1,30.002794,8.84109045,38.727524,-3.147014135,9.402061,-24.87566,2025/05/06 4:35:26.128,2025/05/06 4:35:26.128,24.02665,28.52656,10.64836,34.27772,0.8877842,-13.76866,1,0
4719,8,1143,"00:19:03",1,-15.8426796,0.876272399999999,18.6469404,0.52371943,7.437939,-9.806871,2025/05/06 4:35:26.128,2025/05/06 4:35:26.128,3.670733,1.964122,15.06879,17.24481,0.9550031,-9.932319,1,0
4720,8,1144,"00:19:04",1,7.3627336,3.1399793,8.9056416,-8.00367802,-2.1414714,-10.275659,2025/05/06 4:35:26.129,2025/05/06 4:35:26.129,8.527397,9.579411,0.468788,8.134188,0.8666053,-3.542324,1,0
4721,8,1145,"00:19:05",1,-3.4591874,1.2998736,12.2984718,-2.095695872,2.03355,-5.1788907,2025/05/06 4:35:26.130,2025/05/06 4:35:26.130,5.907982,4.175021,5.096768,7.21244,0.9599172,-3.191885,1,0
4722,8,1146,"00:19:06",1,-7.8085313,1.321559,13.2069833,-11.18086237,-3.5383677,-14.046125,2025/05/06 4:35:26.131,2025/05/06 4:35:26.131,9.085167,5.571918,8.867234,10.50776,0.8136523,-7.093412,0,0
4723,8,1147,"00:19:07",1,1.754721,1.583791,4.8064278,-7.70386396,-6.7586193,-9.876538,2025/05/06 4:35:26.132,2025/05/06 4:35:26.132,3.476998,3.220252,4.169587,3.117919,0.8716023,-6.993474,0,0
4724,8,1148,"00:19:08",1,1.828198,0.4312145,2.517746,-6.92448171,-5.950342,-7.77854,2025/05/06 4:35:26.132,2025/05/06 4:35:26.132,0.7793822,0.8082773,2.097998,1.828198,0.884592,-8.603069,0,0
4725,8,1149,"00:19:09",1,-1.923167,0,1.923167,-7.0357497,-5.922682,-7.845849,2025/05/06 4:35:26.133,2025/05/06 4:35:26.133,0.111268,0.02766,0.067309,1.923167,0.8827375,-7.221365,0,0
4726,8,1150,"00:19:10",1,-1.975028,0.0589309999999994,2.09289,-9.04204035,-7.988736,-9.963764,2025/05/06 4:35:26.133,2025/05/06 4:35:26.133,2.006291,2.066054,2.117915,1.975028,0.8492993,-7.667424,0,0
4727,8,1151,"00:19:11",1,-1.293905,0,1.293905,-10.58756825,-10.08175,-11.375655,2025/05/06 4:35:26.133,2025/05/06 4:35:26.133,1.545528,2.093014,1.411891,1.293905,0.8235405,-8.888453,0,0
4728,8,1152,"00:19:12",1,-0.600931000000001,0.239711999999999,1.975663,-11.4154749,-11.046272,-11.886915,2025/05/06 4:35:26.134,2025/05/06 4:35:26.134,0.8279067,0.964522,0.51126,0.840643,0.8097421,-10.34836,0,0
4729,8,1153,"00:19:13",1,-2.8549775,0.101017000000001,3.0570115,-12.68096035,-11.6069355,-14.461913,2025/05/06 4:35:26.135,2025/05/06 4:35:26.135,1.265485,0.5606635,2.574998,2.854978,0.7886507,-11.56133,0,0
4730,8,1154,"00:19:14",1,2.77921,0.472438,2.859624,-13.0320181,-11.619449,-14.398659,2025/05/06 4:35:26.136,2025/05/06 4:35:26.136,0.3510577,0.0125135,0.063254,2.77921,0.7827997,-12.37615,0,0
4731,8,1155,"00:19:15",1,0.541793,0.753681999999999,2.735736,-10.93761515,-10.3828335,-11.811147,2025/05/06 4:35:26.136,2025/05/06 4:35:26.136,2.094403,1.236616,2.587512,1.428313,0.8177064,-12.21686,0,0
4732,8,1156,"00:19:16",1,-7.848062,0.214053,8.437,-14.3976923,-11.609533,-19.752064,2025/05/06 4:35:26.137,2025/05/06 4:35:26.137,3.460077,1.226699,7.940917,8.142531,0.7600384,-12.78911,0,0
4733,8,1157,"00:19:17",1,7.730137,4.595074,18.929539,-21.9753845,-13.534763,-26.864601,2025/05/06 4:35:26.138,2025/05/06 4:35:26.138,7.577692,1.92523,7.112537,13.32984,0.6337436,-15.77023,0,0
4734,8,1158,"00:19:18",1,-6.406694,0.752855999999998,10.293806,-13.4343424,-10.592135,-18.624943,2025/05/06 4:35:26.138,2025/05/06 4:35:26.138,8.541042,2.942628,8.239658,8.032808,0.7760943,-16.60247,0,0
4735,8,1159,"00:19:19",1,1.387503,6.543323,23.1401628,-4.84272994,-0.8293491,-13.093182,2025/05/06 4:35:26.139,2025/05/06 4:35:26.139,8.591613,9.762786,5.531761,12.26383,0.9192879,-13.41749,1,0
4736,8,1160,"00:19:20",1,8.0632653,1.7825684,8.6047633,-9.36902213,-5.2476187,-13.310884,2025/05/06 4:35:26.139,2025/05/06 4:35:26.139,4.526292,4.41827,0.217702,8.063265,0.8438497,-9.215364,0,0
4737,8,1161,"00:19:21",1,-5.4419304,10.154767,45.2254944,-19.00178396,-6.1337976,-31.46751,2025/05/06 4:35:26.140,2025/05/06 4:35:26.140,9.632762,0.8861789,18.15663,25.33371,0.6833036,-11.07118,0,0
4738,8,1162,"00:19:22",1,-28.951918,0.593957999999999,30.797292,-19.7345051,-10.014344,-39.664654,2025/05/06 4:35:26.141,2025/05/06 4:35:26.141,0.7327211,3.880546,8.197144,29.65031,0.6710916,-16.0351,0,0
4739,8,1163,"00:19:23",1,2.527556,2.68667,9.95166400000002,-42.0231388,-38.87129,-43.46739,2025/05/06 4:35:26.141,2025/05/06 4:35:26.141,22.28863,28.85695,3.802736,4.5961,0.2996143,-26.91981,0,0
4740,8,1164,"00:19:24",1,13.716839,5.674896,13.990941,-26.2479751,-23.028774,-36.745613,2025/05/06 4:35:26.142,2025/05/06 4:35:26.142,15.77516,15.84252,6.721777,13.71684,0.5625337,-29.33521,0,0
4741,8,1165,"00:19:25",1,13.333192,4.304313,13.811808,-18.8076241,-9.851565,-23.424065,2025/05/06 4:35:26.143,2025/05/06 4:35:26.143,7.440351,13.17721,13.32155,13.5725,0.6865396,-29.02625,0,0
4742,8,1166,"00:19:26",1,-3.057001,0.514342000000001,4.646545,-10.0575807,-8.598885,-12.170228,2025/05/06 4:35:26.144,2025/05/06 4:35:26.144,8.750044,1.25268,11.25384,3.571343,0.8323737,-18.37106,0,0
4743,8,1167,"00:19:27",1,-2.091768,0.593551,4.03357,-14.5766819,-13.039075,-15.413555,2025/05/06 4:35:26.144,2025/05/06 4:35:26.144,4.519101,4.44019,3.243327,2.37448,0.7570553,-14.48063,0,0
4744,8,1168,"00:19:28",1,0.360299000000001,0.503785500000001,1.44454,-15.30736225,-14.7761135,-15.667056,2025/05/06 4:35:26.145,2025/05/06 4:35:26.145,0.7306803,1.737038,0.253501,0.8909425,0.7448773,-13.31388,0,0
4745,8,1169,"00:19:29",1,0.642949999999999,0.700656,2.85978,-14.5826238,-14.077702,-15.267338,2025/05/06 4:35:26.146,2025/05/06 4:35:26.146,0.7247385,0.6984115,0.399718,1.189636,0.7569563,-14.82222,0,0
4746,8,1170,"00:19:30",1,-0.579497,0.874865999999999,4.295547,-16.12315,-14.94676,-17.025335,2025/05/06 4:35:26.146,2025/05/06 4:35:26.146,1.540526,0.869058,1.757997,2.078575,0.7312809,-15.33771,0,0
4747,8,1171,"00:19:31",1,-1.809757,0.592308000000001,4.078223,-14.7965388,-13.420393,-16.0975,2025/05/06 4:35:26.147,2025/05/06 4:35:26.147,1.326611,1.526367,0.927835,2.677107,0.753391,-15.16744,0,0
4748,8,1172,"00:19:32",1,-2.01026,0.759501999999999,4.83416799999999,-16.7568742,-15.544349,-18.368143,2025/05/06 4:35:26.147,2025/05/06 4:35:26.147,1.960335,2.123956,2.270643,2.823794,0.7207187,-15.89219,0,0
4749,8,1173,"00:19:33",1,3.591485,2.972136,5.99551499999999,-18.1892294,-14.994155,-19.469486,2025/05/06 4:35:26.148,2025/05/06 4:35:26.148,1.432355,0.550194,1.101343,4.475331,0.6968462,-16.58088,0,0
4750,8,1174,"00:19:34",1,-3.195358,1.506826,11.385402,-19.1229478,-14.665377,-21.485262,2025/05/06 4:35:26.149,2025/05/06 4:35:26.149,0.9337184,0.328778,2.015776,6.819885,0.6812842,-18.02302,0,0
4751,8,1175,"00:19:35",1,-2.955505,0.500698,4.578091,-17.7907849,-16.133524,-19.900322,2025/05/06 4:35:26.150,2025/05/06 4:35:26.150,1.332163,1.468147,1.58494,3.766798,0.7034869,-18.36765,0,0
4752,8,1176,"00:19:36",1,-2.381231,0.733797000000003,5.738809,-19.14508,-17.766823,-21.826843,2025/05/06 4:35:26.151,2025/05/06 4:35:26.151,1.354295,1.633299,1.926521,4.06002,0.6809154,-18.68627,0,0
4753,8,1177,"00:19:37",1,5.140209,1.729574,7.493285,-19.8625816,-17.177565,-22.585468,2025/05/06 4:35:26.151,2025/05/06 4:35:26.151,0.7175016,0.589258,0.758625,5.407903,0.668957,-18.93282,0,0
4754,8,1178,"00:19:38",1,-4.270254,1.81436,9.69360199999999,-21.4994901,-17.090254,-24.069014,2025/05/06 4:35:26.152,2025/05/06 4:35:26.152,1.636909,0.087311,1.483546,6.97876,0.6416752,-20.16905,0,0
4755,8,1179,"00:19:39",1,-3.245381,0.218596999999999,3.682575,-23.1542698,-21.59385,-24.839231,2025/05/06 4:35:26.152,2025/05/06 4:35:26.153,1.65478,4.503596,0.770217,3.245381,0.6140955,-21.50545,0,0
4756,8,1180,"00:19:40",1,-21.691687,0,21.691687,-36.3838048,-25.875017,-47.566704,2025/05/06 4:35:26.153,2025/05/06 4:35:26.153,13.22954,4.281167,22.72747,21.69169,0.3936033,-27.01252,0,0
4757,8,1181,"00:19:41",1,-1.59923199999999,5.910797,20.827802,-52.2175754,-45.21714,-55.970917,2025/05/06 4:35:26.154,2025/05/06 4:35:26.154,15.83377,19.34212,8.404213,10.75378,0.1297071,-37.25188,0,0
4758,8,1182,"00:19:42",1,-18.589664,2.61068,23.815398,-53.0944666,-41.932068,-60.521732,2025/05/06 4:35:26.155,2025/05/06 4:35:26.155,0.8768912,3.285072,4.550815,18.58966,0.1159618,-47.23195,0,0
4759,8,1183,"00:19:43",1,-0.567565000000002,2.875708,11.950661,-61.499237,-59.834846,-64.782684,2025/05/06 4:35:26.155,2025/05/06 4:35:26.155,8.404771,17.90278,4.260952,4.947838,0.0002752559,-55.60376,0,1
4760,8,1184,"00:19:44",1,-1.783394,2.83163,16.381706,-61.8145736,-57.64507,-65.29703,2025/05/06 4:35:26.156,2025/05/06 4:35:26.156,0.3153366,2.189776,0.514346,7.65196,0.004380614,-58.80276,0,1
4761,8,1185,"00:19:45",1,4.102363,3.31886,18.696263,-61.8304259,-58.870007,-65.932755,2025/05/06 4:35:26.157,2025/05/06 4:35:26.157,0.0158523,1.224937,0.635725,7.062748,0.003249486,-61.71474,0,1
4762,8,1186,"00:19:46",1,-2.009984,1.933743,11.740786,-59.3567705,-55.566994,-61.722736,2025/05/06 4:35:26.158,2025/05/06 4:35:26.158,2.473655,3.303013,4.210019,6.155742,0.01716628,-61.00059,0,1
4763,8,1187,"00:19:47",1,-3.57064800000001,2.50971,12.303708,-62.5062234,-60.73899,-65.10552,2025/05/06 4:35:26.158,2025/05/06 4:35:26.158,3.149453,5.171996,3.382784,4.36653,0,-61.23114,0,1
4764,8,1188,"00:19:48",1,2.22889,0.788941000000008,4.39280200000001,-65.0207862,-63.3123,-66.623146,2025/05/06 4:35:26.159,2025/05/06 4:35:26.159,2.514563,2.57331,1.517626,3.310846,0,-62.29459,0,1
4765,8,1189,"00:19:49",1,10.639024,3.410266,13.521316,-56.5473589,-53.14556,-63.784584,2025/05/06 4:35:26.160,2025/05/06 4:35:26.160,8.473428,10.16674,2.838562,10.63902,0.06799791,-61.35812,0,1
4766,8,1190,"00:19:50",1,-12.803657,0.976188999999998,15.647335,-58.5365863,-49.178688,-63.07354,2025/05/06 4:35:26.160,2025/05/06 4:35:26.160,1.989227,3.966872,0.711044,13.89485,0.04644449,-60.03491,0,0
4767,8,1191,"00:19:51",1,-3.80923499999999,1.537342,11.148121,-62.4602237,-60.17618,-66.880585,2025/05/06 4:35:26.161,2025/05/06 4:35:26.161,3.923637,10.99749,3.807045,6.704405,0,-59.18139,0,1
4768,8,1192,"00:19:52",1,8.917358,3.032058,11.745262,-62.4060154,-57.296738,-66.214096,2025/05/06 4:35:26.162,2025/05/06 4:35:26.162,0.0542083,2.879442,0.666489,8.917358,0.004505437,-61.13427,0,1
4769,8,1193,"00:19:53",1,10.146196,4.368321,16.782464,-48.1901191,-44.119576,-56.275246,2025/05/06 4:35:26.162,2025/05/06 4:35:26.162,14.2159,13.17716,9.93885,12.15567,0.1968313,-57.68545,0,0
4770,8,1194,"00:19:54",1,11.857705,3.534585,17.856589,-43.8365977,-34.822155,-49.679302,2025/05/06 4:35:26.163,2025/05/06 4:35:26.163,4.353521,9.297421,6.595944,14.85715,0.26939,-51.47758,0,0
4771,8,1195,"00:19:55",1,-7.36177799999999,3.713658,20.226454,-40.9812797,-35.028454,-46.192966,2025/05/06 4:35:26.163,2025/05/06 4:35:26.163,2.855318,0.206299,3.486336,11.16451,0.3169787,-44.336,0,0
4772,8,1196,"00:19:56",1,31.2097107,6.940678,31.2097107,-15.74107456,-5.0259113,-36.235622,2025/05/06 4:35:26.164,2025/05/06 4:35:26.164,25.24021,30.00254,9.957344,31.20971,0.7376488,-33.51965,0,0
4773,8,1197,"00:19:57",1,6.6541593,2.29679628,10.2613079,1.735909178,4.4280596,-4.029674,2025/05/06 4:35:26.165,2025/05/06 4:35:26.165,17.47698,9.453971,32.20595,8.457733,0.9901084,-18.32882,1,0
4774,8,1198,"00:19:58",1,1.067847,0.3167813,1.6748356,3.48965003,4.2162104,2.8448691,2025/05/06 4:35:26.165,2025/05/06 4:35:26.165,1.753741,0.2118492,6.874543,1.371341,1,-3.505172,1,0
4775,8,1199,"00:19:59",1,-0.8941194,0.7333771,3.8590244,3.14483687,3.7854161,2.3118086,2025/05/06 4:35:26.166,2025/05/06 4:35:26.166,0.3448132,0.4307943,0.5330605,1.473608,1,2.790132,1,0
4776,8,1200,"00:20:00",1,0.2324191,1.20413456,6.8650155,-0.408517877,1.6731523,-1.875565,2025/05/06 4:35:26.228,2025/05/06 4:35:26.228,3.553355,2.112264,4.187374,3.548717,0.985845,2.075323,1,0
4777,8,1201,"00:20:01",1,-7.8597002,1.7145016,13.129828,-3.742690167,0.9824022,-6.877298,2025/05/06 4:35:26.229,2025/05/06 4:35:26.229,3.334172,0.6907501,5.001733,7.8597,0.9359845,-0.3354571,1,0
4778,8,1202,"00:20:02",1,-22.22183,2.664098,28.417374,-25.32805,-10.92786,-33.14969,2025/05/06 4:35:26.229,2025/05/06 4:35:26.229,21.58536,11.91026,26.27239,22.22183,0.5778658,-9.826419,0,0
4779,8,1203,"00:20:03",1,14.2965523,7.425631,16.3200174,-1.188306037,1.9513478,-12.434498,2025/05/06 4:35:26.230,2025/05/06 4:35:26.230,24.13974,12.87921,20.71519,14.38585,0.9663942,-10.08635,1,0
4780,8,1204,"00:20:04",1,2.9829115,0.8732767,3.4569615,4.35805136,5.473109,2.3321705,2025/05/06 4:35:26.230,2025/05/06 4:35:26.230,5.546358,3.521761,14.76667,3.140939,1,-7.386102,1,0
4781,8,1205,"00:20:05",1,-2.2600262,0.5486593,4.2218174,4.10149578,5.3338003,2.5251148,2025/05/06 4:35:26.231,2025/05/06 4:35:26.231,0.2565556,0.1393087,0.1929443,2.808686,1,2.423747,1,0
4782,8,1206,"00:20:06",1,-3.3776839,0.1945877,3.9458121,-0.622206017,1.7538152,-1.9079328,2025/05/06 4:35:26.232,2025/05/06 4:35:26.232,4.723702,3.579985,4.433048,3.661748,0.9841752,2.612447,1,0
4783,8,1207,"00:20:07",1,-2.4413052,1.3502923,9.2612766,-4.26689527,-1.5100441,-7.361335,2025/05/06 4:35:26.232,2025/05/06 4:35:26.232,3.644689,3.263859,5.453402,5.851291,0.9288851,-0.2625352,1,0
4784,8,1208,"00:20:08",1,-3.137431,0.6538696,6.1253038,-4.98659353,-3.7241836,-7.299549,2025/05/06 4:35:26.233,2025/05/06 4:35:26.233,0.7196983,2.214139,0.061786,3.575365,0.9168901,-3.291898,0,0
4785,8,1209,"00:20:09",1,-3.909425,0.165918999999999,4.30324499999999,-9.7188356,-8.334618,-12.262276,2025/05/06 4:35:26.233,2025/05/06 4:35:26.233,4.732242,4.610435,4.962727,3.927658,0.8380194,-6.324108,0,0
4786,8,1210,"00:20:10",1,-3.479659,0.391582,4.262823,-15.31096975,-13.525657,-17.396898,2025/05/06 4:35:26.234,2025/05/06 4:35:26.234,5.592134,5.191039,5.134622,3.871241,0.7448172,-10.00547,0,0
4787,8,1211,"00:20:11",1,-7.863468,0.183959999999999,8.429348,-20.8643017,-16.926205,-24.973633,2025/05/06 4:35:26.235,2025/05/06 4:35:26.235,5.553332,3.400548,7.576735,8.047428,0.6522616,-15.29804,0,0
4788,8,1212,"00:20:12",1,-10.402783,0.791644999999999,11.986073,-29.94028,-25.42971,-35.832493,2025/05/06 4:35:26.235,2025/05/06 4:35:26.235,9.075978,8.503505,10.85886,10.40278,0.5009953,-22.03852,0,0
4789,8,1213,"00:20:13",1,-10.119182,1.212055,12.543292,-41.4887598,-35.623875,-46.955112,2025/05/06 4:35:26.236,2025/05/06 4:35:26.236,11.54848,10.19417,11.12262,11.33124,0.3085207,-30.76445,0,0
4790,8,1214,"00:20:14",1,-2.636206,0.79213,7.853922,-48.5134321,-46.28777,-50.152054,2025/05/06 4:35:26.236,2025/05/06 4:35:26.236,7.024673,10.66389,3.196942,3.864284,0.1914428,-39.98082,0,0
4791,8,1215,"00:20:15",1,0.091930000000005,1.678285,7.16626600000001,-50.3710396,-48.827724,-51.96927,2025/05/06 4:35:26.237,2025/05/06 4:35:26.237,1.857607,2.539954,1.817216,3.141546,0.1604827,-46.79108,0,0
4792,8,1216,"00:20:16",1,1.212997,0.921143000000001,4.23250900000001,-49.2607615,-47.87722,-50.102825,2025/05/06 4:35:26.237,2025/05/06 4:35:26.238,1.110278,0.950504,1.866445,2.225605,0.1789873,-49.38174,0,0
4793,8,1217,"00:20:17",1,5.007702,1.459747,5.99334400000001,-46.4972161,-43.777508,-48.78521,2025/05/06 4:35:26.238,2025/05/06 4:35:26.238,2.763546,4.099712,1.317615,5.007702,0.2250464,-48.70967,0,0
4794,8,1218,"00:20:18",1,2.242378,0.973692,4.61913599999999,-42.705915,-41.47928,-44.238667,2025/05/06 4:35:26.239,2025/05/06 4:35:26.239,3.791301,2.298228,4.546543,2.759387,0.2882347,-46.15463,0,0
4795,8,1219,"00:20:19",1,-1.99362300000001,0.338822,3.85425300000001,-43.0777722,-41.99314,-43.986763,2025/05/06 4:35:26.240,2025/05/06 4:35:26.240,0.3718572,0.51386,0.251904,1.993623,0.2820371,-44.09364,0,0
4796,8,1220,"00:20:20",1,19.077766,11.87763,32.287442,-41.8399638,-26.407164,-46.05274,2025/05/06 4:35:26.241,2025/05/06 4:35:26.241,1.237808,15.58598,2.065977,19.64558,0.3026673,-42.54122,0,0
4797,8,1221,"00:20:21",1,21.920837,5.7791585,21.920837,-2.768580412,4.760223,-17.160614,2025/05/06 4:35:26.241,2025/05/06 4:35:26.241,39.07138,31.16739,28.89213,21.92084,0.930519,-29.22877,1,0
4798,8,1222,"00:20:22",1,8.5064585,5.8341016,33.2331495,5.45492674,14.046407,-6.823397,2025/05/06 4:35:26.242,2025/05/06 4:35:26.242,8.223507,9.286184,10.33722,20.8698,0.9803268,-13.05121,1,0
4799,8,1223,"00:20:23",1,1.44323,6.663413,27.0499,13.54193665,19.734348,5.487783,2025/05/06 4:35:26.243,2025/05/06 4:35:26.243,8.08701,5.687941,12.31118,14.24656,1,5.409428,1,0
4800,8,1224,"00:20:24",1,-8.600827,2.161513,16.998623,12.7467955,18.405855,6.863394,2025/05/06 4:35:26.243,2025/05/06 4:35:26.243,0.7951412,1.328493,1.375611,11.54246,1,10.58122,1,0
4801,8,1225,"00:20:25",1,-13.2231118,0,13.2231118,-5.57554464,2.6627078,-10.560404,2025/05/06 4:35:26.244,2025/05/06 4:35:26.244,18.32234,15.74315,17.4238,13.22311,0.9026364,6.904396,1,0
4802,8,1226,"00:20:26",1,5.109209298,4.72791993,9.619057302,0.2894717838,2.2447433,-5.11939,2025/05/06 4:35:26.244,2025/05/06 4:35:26.244,5.865016,0.4179645,5.441014,7.364133,0.9907983,2.486907,1,0
4803,8,1227,"00:20:27",1,-3.71737127,1.44923413,10.11528113,0.095855734,2.6864662,-3.549982,2025/05/06 4:35:26.245,2025/05/06 4:35:26.245,0.193616,0.4417229,1.569408,6.236448,0.984733,-1.730072,1,0
4804,8,1228,"00:20:28",1,14.124073,5.0354024,18.131819,4.7040341647,11.648288,-4.479658,2025/05/06 4:35:26.246,2025/05/06 4:35:26.246,4.608179,8.961822,0.929676,16.12795,0.9884449,1.696454,1,0
4805,8,1229,"00:20:29",1,-20.587691,0,20.587691,-0.443501494,9.41429,-11.173401,2025/05/06 4:35:26.247,2025/05/06 4:35:26.247,5.147536,2.233998,6.693743,20.58769,0.939181,1.452129,1,0
4806,8,1230,"00:20:30",1,8.7556595,2.7514666,9.9822665,-5.87189591,-1.9483495,-11.182984,2025/05/06 4:35:26.247,2025/05/06 4:35:26.247,5.428394,11.36264,0.009583,9.234634,0.9021351,-0.5371211,1,0
4807,8,1231,"00:20:31",1,3.109028,2.38623902,7.596575,1.706744318,3.3074725,-2.045329,2025/05/06 4:35:26.248,2025/05/06 4:35:26.248,7.57864,5.255822,9.137655,5.352801,0.9959248,-1.536218,1,0
4808,8,1232,"00:20:32",1,-2.6111337,6.32676,25.5340907,-10.84683382,-4.244686,-16.987974,2025/05/06 4:35:26.249,2025/05/06 4:35:26.249,12.55358,7.552158,14.94265,12.74329,0.8192194,-5.003995,0,0
4809,8,1233,"00:20:33",1,-3.309691,13.336233,47.796303,-21.4319337,-8.201916,-33.754913,2025/05/06 4:35:26.249,2025/05/06 4:35:26.249,10.5851,3.95723,16.76694,25.553,0.6428011,-10.19067,0,0
4810,8,1234,"00:20:34",1,9.9388762,5.4295421,18.1605138,4.07242568,8.0762615,-5.9734335,2025/05/06 4:35:26.250,2025/05/06 4:35:26.250,25.50436,16.27818,27.78148,14.0497,0.987309,-9.402114,1,0
4811,8,1235,"00:20:35",1,-11.380631,7.056444,35.354323,-5.54018694,6.325302,-17.042175,2025/05/06 4:35:26.251,2025/05/06 4:35:26.251,9.612613,1.75096,11.06874,23.36748,0.8798503,-7.633232,1,0
4812,8,1236,"00:20:36",1,2.67351661,7.4408155,26.97549921,-4.795036349,-0.12999499,-13.786553,2025/05/06 4:35:26.251,2025/05/06 4:35:26.251,0.7451506,6.455297,3.255622,13.65656,0.9200827,-2.087599,1,0
4813,8,1237,"00:20:37",1,-4.7672814,0.179248299999999,5.125778,-2.63449105,-0.1828616,-4.950143,2025/05/06 4:35:26.252,2025/05/06 4:35:26.252,2.160545,0.05286661,8.83641,4.767282,0.9560918,-4.323238,1,0
4814,8,1238,"00:20:38",1,16.899937,10.726214,55.433149,-12.46181432,9.158851,-27.007692,2025/05/06 4:35:26.252,2025/05/06 4:35:26.252,9.827323,9.341713,22.05755,36.16654,0.7728512,-6.630447,1,0
4815,8,1239,"00:20:39",1,-16.00233,0.327344,16.657018,7.83066764,13.86633,-2.463344,2025/05/06 4:35:26.253,2025/05/06 4:35:26.253,20.29248,4.707479,24.54435,16.32967,0.9927992,-2.421879,1,0
4816,8,1240,"00:20:40",1,11.6058468,5.1612306,17.4688448,7.08363631,12.119542,-2.4178038,2025/05/06 4:35:26.254,2025/05/06 4:35:26.254,0.7470313,1.746788,0.0455402,14.53735,0.993109,0.8174965,1,0
4817,8,1241,"00:20:41",1,-11.9965075,0.729039,14.3802075,4.190837842,9.304866,-3.8834915,2025/05/06 4:35:26.255,2025/05/06 4:35:26.255,2.892798,2.814676,1.465688,13.18836,0.9903104,6.368381,1,0
4818,8,1242,"00:20:42",1,13.4444089,6.8728299,27.4726003,-3.78611261,7.1181116,-13.340393,2025/05/06 4:35:26.255,2025/05/06 4:35:26.255,7.976951,2.186754,9.456902,20.4585,0.9006779,2.49612,1,0
4819,8,1243,"00:20:43",1,-22.884406,0.969024,25.193038,-0.91229553,7.38998,-16.219814,2025/05/06 4:35:26.256,2025/05/06 4:35:26.256,2.873817,0.2718684,2.879421,23.60979,0.9255073,-0.1691901,1,0
4820,8,1244,"00:20:44",1,24.3868075,17.122481,50.8472455,-18.13578604,6.6011305,-31.015896,2025/05/06 4:35:26.257,2025/05/06 4:35:26.257,17.22349,0.7888495,14.79608,37.61703,0.6854942,-7.611398,1,0
4821,8,1245,"00:20:45",1,-2.27315,2.7324104,9.31232206,3.403055447,6.715273,0.92253697,2025/05/06 4:35:26.257,2025/05/06 4:35:26.257,21.53884,0.1141425,31.93843,5.792736,1,-5.215009,1,0
4822,8,1246,"00:20:46",1,-16.3377753,8.083461,37.6075413,-10.24934616,5.8112383,-21.16142,2025/05/06 4:35:26.258,2025/05/06 4:35:26.258,13.6524,0.9040347,22.08396,26.97266,0.8175985,-8.327359,1,0
4823,8,1247,"00:20:47",1,12.5556469,6.6104969,13.6711689,2.55098595,5.108235,-7.9894676,2025/05/06 4:35:26.258,2025/05/06 4:35:26.258,12.80033,0.7030033,13.17195,13.0977,0.9843859,-1.431768,1,0
4824,8,1248,"00:20:48",1,-3.296769,1.4825792,9.72334848,2.416905916,4.169344,0.72374606,2025/05/06 4:35:26.259,2025/05/06 4:35:26.259,0.13408,0.938891,8.713214,3.445598,1,-1.760485,1,0
4825,8,1249,"00:20:49",1,0.6943972,1.6634472,6.010878,2.69460271,4.024494,1.7137256,2025/05/06 4:35:26.260,2025/05/06 4:35:26.260,0.2776968,0.14485,0.9899796,2.310768,1,2.554165,1,0
4826,8,1250,"00:20:50",1,-14.1807022,1.40399,19.0672002,-3.831391951,3.1627822,-13.461169,2025/05/06 4:35:26.261,2025/05/06 4:35:26.261,6.525995,0.8617118,15.17489,16.62395,0.9185368,0.4267056,1,0
4827,8,1251,"00:20:51",1,3.6453808,8.1823364,22.6726986,7.09895366,11.886582,-1.2724577,2025/05/06 4:35:26.262,2025/05/06 4:35:26.262,10.93035,8.7238,12.18871,13.15904,0.9978793,1.987388,1,0
4828,8,1252,"00:20:52",1,-10.6847215,0.9929843,16.1129205,0.99015138,4.306944,-9.091877,2025/05/06 4:35:26.262,2025/05/06 4:35:26.262,6.108802,7.579638,7.819419,13.39882,0.9809033,1.419238,1,0
4829,8,1253,"00:20:53",1,17.2514393,12.0686996,31.8334493,-11.454863573,2.8956513,-21.646793,2025/05/06 4:35:26.263,2025/05/06 4:35:26.263,12.44501,1.411293,12.55492,24.54244,0.8004749,-1.12192,1,0
4830,8,1254,"00:20:54",1,-3.2545066,1.96621246,13.4021418,0.943240227,3.5371706,-1.7985914,2025/05/06 4:35:26.264,2025/05/06 4:35:26.264,12.3981,0.6415193,19.8482,5.335762,0.993249,-3.173824,1,0
4831,8,1255,"00:20:55",1,6.5689612,9.152769,33.0864072,-9.97835646,-1.6406038,-21.468288,2025/05/06 4:35:26.265,2025/05/06 4:35:26.265,10.9216,5.177774,19.6697,19.82768,0.833694,-6.829993,1,0
4832,8,1256,"00:20:56",1,-10.574542,0.37383,12.19460732,-5.473012647,-0.68514234,-12.069717,2025/05/06 4:35:26.265,2025/05/06 4:35:26.265,4.505344,0.9554614,9.398571,11.38457,0.9087831,-4.836043,1,0
4833,8,1257,"00:20:57",1,15.971093,8.9789612,20.822951,-9.63959229,2.970672,-15.42635,2025/05/06 4:35:26.266,2025/05/06 4:35:26.266,4.16658,3.655814,3.356633,18.39702,0.8321936,-8.363654,1,0
4834,8,1258,"00:20:58",1,-7.8856814,0.3359584,8.9170202,1.5807717355,4.44423,-3.6211624,2025/05/06 4:35:26.266,2025/05/06 4:35:26.266,11.22036,1.473558,11.80519,8.065392,0.991519,-4.510611,1,0
4835,8,1259,"00:20:59",1,-26.5452115,0,26.5452115,-22.40275485,-7.4539785,-33.99919,2025/05/06 4:35:26.267,2025/05/06 4:35:26.267,23.98353,11.89821,30.37803,26.54521,0.6266208,-10.15386,0,0
（省略）
6196,8,2620,"00:43:40",1,0.547722,1.3114691,10.222532,7.95613733,9.980692,5.087046,2025/05/06 4:35:28.035,2025/05/06 4:35:28.035,45.63273,5.021159,65.65372,4.893646,1,-30.83651,1,0
6197,8,2621,"00:43:41",1,-13.5378654,1.772792,19.4452784,7.26459785,13.4451685,-3.0464034,2025/05/06 4:35:28.035,2025/05/06 4:35:28.035,0.6915395,3.464477,8.13345,16.49157,0.9920155,-7.485285,1,0
6198,8,2622,"00:43:42",1,8.6789279,3.3620884,16.0475391,4.16141414,8.795103,-3.5681305,2025/05/06 4:35:28.036,2025/05/06 4:35:28.036,3.103184,4.650065,0.5217271,12.36323,0.9913433,6.460716,1,0
6199,8,2623,"00:43:43",1,1.1170913,8.32838513,35.8577453,-2.254654238,5.1243753,-13.363043,2025/05/06 4:35:28.037,2025/05/06 4:35:28.037,6.416069,3.670728,9.794912,18.48742,0.9349354,3.057119,1,0
6200,8,2624,"00:43:44",1,-21.6450315,0,21.6450315,-5.67580062,4.5661755,-17.078856,2025/05/06 4:35:28.037,2025/05/06 4:35:28.037,3.421146,0.5581998,3.715813,21.64503,0.8847924,-1.256347,1,0
6201,8,2625,"00:43:45",1,15.0976588,3.000121,15.0976588,-9.03368201,-1.4317772,-16.529436,2025/05/06 4:35:28.038,2025/05/06 4:35:28.038,3.357881,5.997953,0.54942,15.09766,0.8494386,-5.654712,1,0
6202,8,2626,"00:43:46",1,-1.9707161,3.804288,24.9896135,-6.56509771,-1.0014137,-13.564146,2025/05/06 4:35:28.039,2025/05/06 4:35:28.039,2.468584,0.4303635,2.96529,12.56273,0.8905817,-7.091527,1,0
6203,8,2627,"00:43:47",1,7.0365326,3.9324594,15.7200526,-6.36505265,1.7441216,-9.292375,2025/05/06 4:35:28.039,2025/05/06 4:35:28.039,0.2000451,2.745535,4.271771,11.0365,0.8910089,-7.321278,1,0
6204,8,2628,"00:43:48",1,-21.334623,0,21.334623,-7.844720257,2.908659,-18.425964,2025/05/06 4:35:28.040,2025/05/06 4:35:28.040,1.479668,1.164537,9.133589,21.33462,0.8644069,-6.924957,1,0
6205,8,2629,"00:43:49",1,1.798141,8.100342,26.2394586,-7.49252071,-2.6272342,-16.646034,2025/05/06 4:35:28.040,2025/05/06 4:35:28.041,0.3521996,5.535893,1.77993,14.0188,0.8751246,-7.234098,1,0
